{"estructura": [18, 18, 18, 5], "activaciones": ["none", "none", "none"], "pesos": [[[0.04914598912000656, 0.22043955326080322, 0.14580444991588593, 0.41478613018989563, 0.17818576097488403, 0.3154134154319763, -0.38027673959732056, 0.3158808648586273, -0.006062746047973633, -0.3400111198425293, -0.18586963415145874, -0.2047967165708542, 0.3788250684738159, -0.02321532368659973, 0.12432069331407547, -0.23586739599704742, -0.1302683800458908, -0.07859384268522263], [-0.04671558737754822, 0.08536802232265472, -0.05474771559238434, 0.2522556781768799, 0.48177143931388855, -0.22682729363441467, -0.27510330080986023, 0.3241537809371948, 0.3480796813964844, 0.23893658816814423, 0.3281738758087158, 0.11204785108566284, -0.17059926688671112, -0.20929890871047974, 0.5720458626747131, 0.24300900101661682, 0.25867170095443726, -0.05899035185575485], [0.4502708911895752, -0.24495628476142883, 0.2257063090801239, -0.05509874224662781, 0.004791527986526489, 0.035999514162540436, 0.23506943881511688, 0.23879976570606232, 0.13838772475719452, 0.18753378093242645, -0.03415105864405632, 0.0006738454103469849, -0.16322673857212067, 0.30166664719581604, 0.3969897925853729, 0.16861844062805176, 0.31142762303352356, 0.32858574390411377], [-0.01063285768032074, -0.2664256691932678, 0.17698940634727478, -0.015594229102134705, 0.07333311438560486, 0.4712516665458679, -0.2117072194814682, 0.02312619239091873, 0.23085878789424896, 0.29519712924957275, 0.03145359829068184, -0.010183606296777725, 0.46151384711265564, 0.3008453845977783, -0.14707458019256592, 0.029174521565437317, 0.2154691517353058, 0.02689392678439617], [-0.037311673164367676, -0.20592878758907318, -0.43132489919662476, 0.36208146810531616, 0.0738888531923294, 0.463522732257843, 0.27152472734451294, -0.349277526140213, 0.2464452087879181, -0.24024608731269836, 0.33178919553756714, 0.09839920699596405, 0.17016583681106567, -0.2681642472743988, 0.046448901295661926, 0.052453234791755676, 0.08687561750411987, 0.36674556136131287], [-0.17681358754634857, -0.1651073396205902, 0.2450781613588333, -0.023091256618499756, 0.11851026117801666, 0.4778560996055603, -0.18692104518413544, -0.11647246778011322, 0.013982553035020828, 0.09488262981176376, 0.05837709456682205, 0.029587220400571823, -0.16916190087795258, 0.21382561326026917, 0.11168700456619263, 0.13962535560131073, -0.14942550659179688, 0.3122701942920685], [0.46614277362823486, 0.23143689334392548, -0.1479407101869583, -0.11867645382881165, 0.32964593172073364, -0.20343858003616333, -0.06611386686563492, 0.066608726978302, 0.013648610562086105, -0.24594925343990326, -0.24721920490264893, -0.36697980761528015, 0.2513783872127533, -0.44156694412231445, 0.3127514719963074, -0.09955243766307831, -0.3015582263469696, 0.14037278294563293], [-0.17552465200424194, -0.02766375243663788, -0.0832846462726593, 0.26845782995224, 0.13056086003780365, 0.28909462690353394, 0.2633633613586426, -0.310584157705307, 0.03864879906177521, -0.005518356338143349, 0.21958667039871216, -0.10249950736761093, 0.23056547343730927, -0.055654607713222504, -0.1834326535463333, 0.14501690864562988, 0.23118889331817627, -0.10004521161317825], [-0.005921944975852966, -0.18360242247581482, -0.07822996377944946, 0.6154900789260864, 0.17152497172355652, 0.0065877437591552734, -0.2793463170528412, -0.3427073359489441, 0.17221879959106445, -0.35478371381759644, 0.3660762310028076, 0.2523918151855469, 0.13283666968345642, -0.1913057565689087, 0.2724466323852539, 0.34601399302482605, 0.0073949843645095825, -0.4096428155899048], [0.08947008848190308, -0.0882122814655304, -0.026386111974716187, 0.12159118056297302, -0.18360181152820587, -0.034892767667770386, 0.07630479335784912, -0.0978853777050972, 0.15441963076591492, -0.0615311823785305, -0.07659918814897537, 0.253384530544281, -0.3093206286430359, 0.26010775566101074, -0.10151636600494385, -0.1245124414563179, 0.14374426007270813, -0.06506229937076569], [-0.022945895791053772, 0.19583283364772797, 0.10678929090499878, 0.05889980494976044, -0.007929027080535889, 0.2017069011926651, -0.13560770452022552, -0.39899942278862, -0.13511531054973602, -0.20902283489704132, 0.0750129222869873, 0.38144493103027344, -0.25297313928604126, 0.015109099447727203, 0.347852885723114, -0.1987157166004181, 0.26564326882362366, -0.23343335092067719], [0.4349835216999054, -0.3076767027378082, -0.3372608721256256, -0.24545937776565552, -0.20441848039627075, 0.37759560346603394, 0.13792383670806885, -0.17375308275222778, 0.27247539162635803, -0.3212262988090515, 0.24884489178657532, -0.19208726286888123, -0.3587574362754822, 0.3016716241836548, 0.4212314486503601, 0.08444105088710785, -0.17633302509784698, -0.1908200979232788], [0.30551978945732117, -0.14252865314483643, 0.19799675047397614, 0.14576497673988342, -0.2025958001613617, -0.004645347595214844, 0.37173113226890564, -0.07216036319732666, -0.07453402131795883, -0.06043936312198639, 0.21158967912197113, -0.24714002013206482, 0.44451722502708435, -0.1911945343017578, 0.1434789001941681, -0.25020453333854675, 0.08437040448188782, 0.21786007285118103], [-0.13969042897224426, -0.10390274226665497, -0.3034816384315491, 0.183100625872612, 0.4283145070075989, -0.26610642671585083, 0.20280560851097107, -0.2921593487262726, -0.2811864912509918, 0.19173194468021393, 0.18608681857585907, 0.3158549964427948, 0.2353590577840805, -0.1108723059296608, 0.06333965063095093, 0.46886464953422546, -0.10681429505348206, -0.04564772546291351], [-0.18183879554271698, 0.3109777569770813, 0.26630181074142456, 0.3928917646408081, 0.4701874256134033, -0.22903603315353394, 0.2985684275627136, 0.04091048613190651, -0.37824633717536926, 0.1481391042470932, -0.2448497712612152, -0.08624745160341263, -0.20886269211769104, 0.26215890049934387, -0.06906051933765411, -0.06988835334777832, 0.04153995215892792, -0.010034291073679924], [-0.20465371012687683, 0.004670038819313049, 0.00017890334129333496, -0.12691903114318848, 0.3210846781730652, -0.28337788581848145, 0.127182736992836, -0.12161484360694885, -0.0947236493229866, 0.3832623362541199, -0.19880980253219604, -0.024019882082939148, -0.30043354630470276, -0.3155677020549774, 0.0854632556438446, 0.24088154733181, -0.1341126561164856, -0.0590088814496994], [0.45240718126296997, 0.4030255079269409, 0.06579212844371796, 0.46993258595466614, -0.2705768346786499, -0.1438118815422058, 0.035122327506542206, -0.3161044120788574, -0.12514925003051758, -0.08613903820514679, -0.23027345538139343, 0.06531468033790588, -0.1284823715686798, -0.4127025008201599, 0.010200724005699158, -0.2257993370294571, -0.3737492263317108, -0.19459430873394012], [-0.2630046010017395, -0.24690809845924377, -0.10203462839126587, -0.030263066291809082, 0.3328293561935425, 0.4531778395175934, 0.281437486410141, 0.25464585423469543, -0.39926522970199585, 0.23473797738552094, -0.12395632266998291, -0.31162551045417786, 0.18413610756397247, -0.03978288173675537, -0.021666668355464935, 0.1366964876651764, -0.39286914467811584, -0.3655916154384613]], [0.05493263155221939, 0.05340038239955902, -0.0775180384516716, 0.10879725217819214, 0.0439462773501873, 0.05401580035686493, -0.006843084469437599, -0.022823773324489594, -0.011642476543784142, -0.002816168125718832, 0.025389503687620163, 0.022864334285259247, 0.040754739195108414, -0.042190730571746826, 0.0876660868525505, 0.043880168348550797, 0.0036893561482429504, -0.034076791256666183], [[0.35861822962760925, -0.27815955877304077, 0.18505720794200897, -0.3053690493106842, -0.23654592037200928, 0.3560202717781067, -0.046790461987257004, -0.06396109610795975, 0.3496353030204773, 0.30153053998947144, -0.1784791201353073, 0.2034691721200943, 0.3778795599937439, 0.31260237097740173, -0.22853992879390717, 0.028358429670333862, 0.05353277176618576, -0.3381057679653168], [0.3578381836414337, -0.1552812159061432, 0.14412325620651245, -0.3153248429298401, -0.12796208262443542, -0.10663668066263199, -0.03848829120397568, 0.4084157943725586, -0.2618345022201538, -0.1931050419807434, 