{"estructura": [3, 4, 5, 6, 2], "activaciones": [null, null, null, null], "pesos": [[[-1.3210445642471313, 1.3914202451705933, 0.6930795311927795, 1.182034969329834], [-0.7335898876190186, -0.30570629239082336, -0.6025494337081909, 0.33450061082839966], [0.7472265958786011, 1.687259554862976, 0.9703198075294495, 0.846233069896698]], [0.40866929292678833, 0.0401156060397625, 1.5628842115402222, 1.0658202171325684], [[-0.4726841449737549, 0.3614879846572876, -0.5010594129562378, 0.2541176378726959, 0.09809303283691406], [-0.2227492481470108, -0.31178075075149536, -0.3624226748943329, 0.21059569716453552, -0.01765572838485241], [-0.19726873934268951, -0.29943713545799255, -0.13516977429389954, -0.039044033735990524, -0.5187873840332031], [-0.2502594590187073, 0.21259459853172302, -0.04722803831100464, 0.12177737802267075, -0.2837541401386261]], [-0.6156046986579895, 0.4479444921016693, -0.510844886302948, -0.7556724548339844, -0.5647950172424316], [[-0.977744460105896, 0.5591434836387634, -0.20109131932258606, -0.13538441061973572, 0.09023690223693848, 0.09013766050338745], [0.06402295082807541, -0.7214972972869873, 0.17590969800949097, -0.07513947784900665, 0.2808169424533844, -0.3964744210243225], [-0.1925336867570877, 0.7765467166900635, 0.43193936347961426, 0.6664659976959229, -0.01007435005158186, -0.2729460895061493], [0.43543899059295654, 0.0020114693325012922, -0.864029049873352, 0.3177042603492737, 0.4434734284877777, 0.03212166205048561], [0.5502134561538696, 0.5344538688659668, 0.2225259691476822, -0.384917289018631, -0.7284021973609924, -0.308102011680603]], [-0.4161384701728821, 0.10673514008522034, 0.4964638650417328, -0.05356666073203087, -0.8204578161239624, -1.375524878501892], [[-0.2217150628566742, 0.5814003944396973], [0.47870156168937683, 0.6116301417350769], [-0.24664925038814545, 0.1078471839427948], [0.208035409450531, 0.1532668024301529], [0.10236286371946335, 0.2511070668697357], [-0.5613434910774231, 0.05176296830177307]], [0.766130268573761, 0.7105492353439331]]}