{"estructura": [3, 4, 5, 6, 2], "activaciones": [null, null, null, null], "pesos": [[[0.05849441885948181, 0.8833824992179871, -0.49214354157447815, 0.053560771048069], [0.4205685257911682, 0.09125780314207077, -0.13653136789798737, -0.6132955551147461], [-0.323243111371994, -0.3492814302444458, -0.9432069063186646, -0.30825838446617126]], [-0.5735571980476379, 1.2121789455413818, -2.948140859603882, -0.451646625995636], [[0.5308859348297119, -0.07760835438966751, 0.4336415231227875, 0.7014440298080444, 0.8363319039344788], [0.29583922028541565, 0.6624337434768677, -0.7503929138183594, -0.10327637940645218, 0.18280796706676483], [0.11675141006708145, 0.014788318425416946, -0.34318938851356506, -0.1410781741142273, 0.08920712023973465], [-0.0762949287891388, 0.03379066661000252, -0.4250601828098297, 0.8701801896095276, 0.49516764283180237]], [-1.3302204608917236, 2.530651092529297, 2.228165626525879, -0.7631326913833618, -0.5466671586036682], [[-0.4307491183280945, 0.33465608954429626, 0.5963349342346191, -0.10110104084014893, -0.4186434745788574, 0.6327520608901978], [-0.32599714398384094, -0.1749107539653778, -0.028359223157167435, -0.6712110638618469, -0.040717754513025284, 0.011412071995437145], [1.1215178966522217, -0.5332678556442261, 1.1131129264831543, -0.65385502576828, -0.27056631445884705, 0.15324178338050842], [0.1032816618680954, -0.2194267362356186, 0.22970518469810486, -0.31409886479377747, -0.32164356112480164, -0.3238900303840637], [0.08790349215269089, -0.07753363251686096, -0.2137479931116104, -0.14593416452407837, -0.21292349696159363, -0.17111094295978546]], [0.6712207794189453, 0.8362053632736206, 0.34368273615837097, -0.4308064877986908, -0.04694204777479172, 0.0364207960665226], [[0.18356971442699432, 0.7173615097999573], [0.13596338033676147, -0.15831676125526428], [-0.1130741685628891, 0.2296246886253357], [0.24089448153972626, -0.010559377260506153], [-0.19677017629146576, 0.08470305800437927], [-0.34687384963035583, -0.1476203054189682]], [-0.6404080390930176, 1.5349458456039429]]}