{"tipo_modelo": "mlp", "estructura": [18, 18, 12, 6, 4], "activaciones": ["relu", "relu", "relu", "none"], "pesos": [[[0.15398012101650238, -0.28745970129966736, -0.12108150124549866, -0.23809261620044708, 0.17414891719818115, -0.08289492875337601, -0.26408708095550537, 0.13956600427627563, -0.16313356161117554, 0.349461168050766, -0.16126808524131775, 0.22137226164340973, -0.17590667307376862, -0.3060365915298462, 0.2761022448539734, 0.48604023456573486, 0.35022392868995667, 0.4301854074001312], [-0.4474310874938965, 0.02145850658416748, -0.0695788636803627, -0.2467872053384781, 0.10852019488811493, -0.32881131768226624, 0.49157097935676575, 0.4582138657569885, 0.16541090607643127, -0.24037033319473267, 0.13122349977493286, -0.21329636871814728, 0.24057996273040771, -0.07070594280958176, -0.409260094165802, 0.08403049409389496, -0.18659871816635132, -0.0001966891868505627], [0.18820859491825104, -0.2665834128856659, -0.21150453388690948, -0.39760053157806396, 0.22226260602474213, -0.025035323575139046, 0.2711044251918793, -0.17386922240257263, 0.2530836760997772, 0.1793464869260788, 0.15467782318592072, 0.09984161704778671, 0.08689451962709427, 0.4486653506755829, 0.09308066219091415, 0.15860071778297424, -0.1946324110031128, -0.4096839427947998], [0.15854209661483765, 0.2846742868423462, -0.41959840059280396, -0.057479970157146454, 0.3988930583000183, -0.14601704478263855, 0.2281397432088852, 0.0699021965265274, -0.48570045828819275, -0.2755274474620819, 0.31481632590293884, -0.11864947527647018, 0.481389582157135, 0.3605782687664032, 0.046723373234272, -0.12748625874519348, -0.037749189883470535, -0.31947463750839233], [0.20373567938804626, -0.11578577756881714, 0.3097784221172333, -0.0005523592117242515, -0.3394499719142914, 0.21618078649044037, 0.007691389415413141, 0.21344371140003204, -0.30320993065834045, 0.20156808197498322, 0.12035112828016281, 0.5175960063934326, -0.30054330825805664, -0.35332372784614563, -0.32095256447792053, 0.4876515567302704, 0.5146896839141846, 0.344353049993515], [0.43155163526535034, 0.09019135683774948, 0.4331950545310974, -0.37112945318222046, 0.24428503215312958, 0.003505548695102334, -0.2670923173427582, -0.3366560637950897, -0.3996630311012268, 0.17680847644805908, -0.24846677482128143, 0.06582679599523544, 0.18763501942157745, 0.22929619252681732, -0.4443088471889496, 0.5695599317550659, 0.16371369361877441, 0.04498804733157158], [-0.1468496024608612, -0.00472341338172555, 0.3956221044063568, -0.14452536404132843, -0.5640894174575806, 0.24823711812496185, -0.21790914237499237, 0.10068926960229874, -0.3027636408805847, -0.044752541929483414, -0.1394421011209488, -0.11914728581905365, -0.34857380390167236, 0.08908280730247498, -0.26602357625961304, 0.43190547823905945, 0.44081631302833557, 0.3160318434238434], [-0.27390536665916443, 0.356097012758255, -0.44658762216567993, -0.12894661724567413, 0.5091625452041626, 0.10877199470996857, 0.048291221261024475, 0.18080952763557434, -0.05158932879567146, -0.0724496990442276, -0.20832760632038116, 0.48740169405937195, 0.550748884677887, -0.3798123598098755, 0.3843510150909424, -0.38528817892074585, 0.1521090716123581, -0.20031443238258362], [0.14286234974861145, -0.514528214931488, -0.43143588304519653, 0.11500100791454315, 0.3015545606613159, 0.4176431894302368, -0.06360410153865814, -0.127280592918396, 0.153986394405365, 0.29351428151130676, -0.4092586934566498, -0.4030383229255676, -0.12052550166845322, 0.23524349927902222, -0.25997328758239746, 0.15995700657367706, 0.011213461868464947, -0.05995359271764755], [0.40416598320007324, -0.32455989718437195, 0.18883433938026428, 0.1864197850227356, -0.42495226860046387, -0.3442605137825012, 0.1071631982922554, -0.32090267539024353, -0.08043167740106583, -0.23588873445987701, -0.015219171531498432, 0.3723643124103546, 0.017128892242908478, -0.10803817957639694, -0.17280961573123932, -0.025285126641392708, 0.36417752504348755, 0.4788908064365387], [-0.44127339124679565, -0.5263867378234863, 0.47426360845565796, -0.18669423460960388, 0.36601218581199646, 0.5313730239868164, -0.13747473061084747, 0.4851410984992981, 0.1710183322429657, 0.343365341424942, -0.14335975050926208, -0.3059770166873932, 0.4659804105758667, 0.3949653208255768, -0.10935718566179276, -0.06555380672216415, -0.052369751036167145, -0.363560289144516], [-0.38321107625961304, -0.23328272998332977, 0.32560455799102783, -0.06061624363064766, -0.14360453188419342, 0.4390677511692047, 0.21349872648715973, 0.12316792458295822, 0.16863112151622772, -0.18631167709827423, 0.41109976172447205, 0.0687844529747963, -0.055314801633358, 0.012459407560527325, -0.33832886815071106, -0.014825420454144478, -0.1872987598180771, 0.5060440897941589], [0.1445218175649643, -0.5277681350708008, -0.29634889960289, 0.14884600043296814, 0.4057977497577667, 0.2804957926273346, -0.42123502492904663, -0.318785160779953, 0.2233230322599411, -0.3716949224472046, 0.10076925158500671, 0.39757484197616577, 0.475957989692688, 0.12817944586277008, 0.09791149199008942, 0.21126507222652435, -0.0838528722524643, 0.5338395833969116], [-0.058551907539367676, 0.056871939450502396, 0.21051141619682312, -0.4216214716434479, -0.13239850103855133, -0.2519034743309021, 0.49904730916023254, 0.08104147762060165, -0.004296589642763138, 0.3044085204601288, 0.2212643027305603, 0.021620644256472588, -0.11675912886857986, -0.3433399498462677, 0.07471005618572235, 0.34616819024086, 0.3486330807209015, 0.38782209157943726], [-0.12364137172698975, -0.13998711109161377, -0.1318371742963791, -0.2386932224035263, -0.13359931111335754, 0.4157116711139679, -0.23778773844242096, 0.0990365594625473, -0.15687179565429688, -0.012249053455889225, -0.32865455746650696, 0.23248189687728882, 0.13382525742053986, -0.23030461370944977, 0.3962072730064392, 0.12374647706747055, -0.2818848788738251, 0.20614010095596313], [-0.18505093455314636, 0.12306409329175949, 0.2846965491771698, 0.16954495012760162, 0.38428881764411926, -0.2804826498031616, -0.25153058767318726, 0.18635594844818115, -0.3214596211910248, 0.34051811695098877, 0.4001319408416748, -0.44436347484588623, 0.1025082990527153, -0.18161462247371674, -0.3866906762123108, 0.5383123159408569, 0.04147810488939285, 0.009821051731705666], [0.18927741050720215, 0.1507236808538437, 0.22623310983181, -0.3347685635089874, 0.16535651683807373, 0.25667357444763184, -0.020889559760689735, 0.07128063589334488, 0.28917068243026733, 0.34409865736961365, -0.3753856420516968, 0.07532975822687149, -0.0034710457548499107, -0.32739803194999695, 0.05196373164653778, 0.1514243483543396, 0.23621121048927307, -0.36079350113868713], [0.44358840584754944, -0.3245144784450531, 0.24104930460453033, 0.3435676693916321, 0.26852867007255554, -0.0533272959291935, -0.00013519586354959756, -0.09676282852888107, -0.3105682134628296, 0.27931198477745056, -0.24732229113578796, -0.32884925603866577, 0.2372656613588333, 0.3764767646789551, 0.228903129696846, -0.14104129374027252, 0.44191160798072815, 0.2387237846851349]], [0.00558612821623683, 0.00015087549400050193, -0.03685339167714119, 0.08016250282526016, 0.16224555671215057, 0.028413565829396248, 0.021571263670921326, 0.07110018283128738, 0.06220722571015358, 0.004180555697530508, -0.08394864946603775, 0.017809053882956505, 0.1327504962682724, -0.006182591896504164, -0.028637604787945747, 0.13045312464237213, 0.06536588817834854, 0.0012676818296313286], [[-0.26832976937294006, 0.08974355459213257, 0.30005571246147156, -0.11667773872613907, 0.04440300166606903, 0.44306206703186035, -0.12654590606689453, 0.20616966485977173, -0.40940457582473755, 0.29389747977256775, -0.10028465837240219, 0.31900233030319214], [-0.46040886640548706, 0.24925597012043, -0.31744930148124695, -0.2050791084766388, -0.4812277853488922, -0.1884995996952057, 0.15843863785266876, -0.15578031539916992, -0.5221136212348938, 0.6900617480278015, 0.44870725274086, 0.40628331899642944], [0.1980552226305008, -0.4876484274864197, -0.324669748544693, -0.02168084681034088, 