{"tipo_modelo": "mlp", "estructura": [4, 6, 12, 18, 18], "activaciones": ["relu", "relu", "relu", "none"], "pesos": [[[0.7004184722900391, -0.03219249099493027, -0.17931517958641052, -0.8405613899230957, -0.03972703590989113, 0.7285971641540527], [-0.47995784878730774, 1.018024206161499, -0.6125130653381348, -0.7482327222824097, 0.13931114971637726, -0.6586342453956604], [0.6561622619628906, -0.7435634136199951, 0.4117356240749359, -0.786347508430481, -0.7782679796218872, 0.5680544376373291], [-0.2438168078660965, 0.6760526299476624, 0.6790691614151001, 0.3071243166923523, -0.9004195332527161, 0.5523175001144409]], [-0.003336843801662326, 0.09622692316770554, 0.0, 0.011538533493876457, 0.11522360146045685, 0.0], [[-0.5794883966445923, -0.567091703414917, 0.21632641553878784, 0.11536411195993423, -0.3608487546443939, 0.39716657996177673, -0.5621290802955627, 0.41712766885757446, 0.14238782227039337, 0.4085032045841217, 0.6044130325317383, -0.09113705158233643], [0.355752170085907, 0.7455700635910034, -0.4544599652290344, 0.49151811003685, 0.06811552494764328, -0.02157832682132721, -0.4652964472770691, -0.08581089973449707, -0.052890926599502563, -0.4831045866012573, 0.4571220874786377, -0.5244095325469971], [0.06455972045660019, 0.09734097123146057, 0.5816523432731628, 0.3552606701850891, 0.03497304394841194, -0.3006215989589691, -0.09021881222724915, 0.15078561007976532, -0.04039928317070007, -0.43874236941337585, 0.4250637888908386, 0.07112428545951843], [-0.4167231321334839, 0.1423119604587555, 0.48176270723342896, 0.5170425176620483, -0.3491534888744354, -0.0906335636973381, -0.5570977926254272, 0.05002325400710106, 0.34872201085090637, 0.30919891595840454, -0.297931432723999, -0.24196304380893707], [0.4279809594154358, -0.05223700776696205, -0.6096608638763428, 0.23640026152133942, 0.43506571650505066, 0.3316797614097595, 0.3783392310142517, -0.04206528514623642, -0.5252609252929688, 0.17822398245334625, 0.0687289834022522, 0.6450245976448059], [-0.37085026502609253, 0.028306232765316963, 0.5452682971954346, -0.38264283537864685, -0.27891793847084045, -0.60066819190979, 0.5556710362434387, 0.4911043047904968, -0.1694786250591278, 0.1559581458568573, 0.536597728729248, -0.38597366213798523]], [-0.10895124822854996, -0.04459270089864731, -0.01495946291834116, -0.06717664748430252, 0.10959148406982422, -0.060188814997673035, 0.07554470747709274, -0.01573195308446884, -0.021077923476696014, -0.09568087756633759, 0.2532718777656555, 0.21979665756225586], [[0.510185182094574, 0.3539524972438812, -0.5052043199539185, 0.14010852575302124, 0.34457409381866455, 0.38453376293182373, 0.32911694049835205, 0.31553322076797485, -0.4279266595840454, 0.11589517444372177, 0.43537190556526184, 0.3249908983707428, 0.31716153025627136, -0.47361674904823303, -0.3889863193035126, 0.39472976326942444, 0.2750214636325836, 0.24924364686012268], [0.04005703330039978, -0.028032205998897552, 0.48665836453437805, 0.44920358061790466, -0.18999500572681427, 0.060635633766651154, 0.44362032413482666, -0.12698590755462646, -0.2765101194381714, -0.09431514889001846, -0.34580332040786743, -0.0013001661282032728, 0.23357117176055908, -0.3136734664440155, 0.6253482103347778, -0.0891571119427681, 0.030091742053627968, 0.5112093687057495], [-0.3515497148036957, -0.45984145998954773, 0.4118911921977997, -0.16420800983905792, 0.2721952795982361, -0.31320101022720337, -0.36233875155448914, 0.18158873915672302, 0.3655441403388977, 0.4904968738555908, 0.007254819385707378, -0.1408129781484604, 0.0036871011834591627, 0.37714463472366333, 0.4680754542350769, -0.16588352620601654, -0.07145459949970245, -0.4649673104286194], [-0.05835385620594025, 0.4339045286178589, 0.004224719479680061, -0.39664024114608765, -0.4557092487812042, -0.4792732298374176, 0.11858920007944107, -0.21571780741214752, 0.6510344743728638, -0.19901639223098755, -0.17645785212516785, -0.1779109239578247, -0.04321594908833504, 0.2431735247373581, -0.04703744873404503, 0.29498252272605896, -0.08047543466091156, -0.20042523741722107], [0.35918787121772766, -0.08864396065473557, -0.1389087587594986, -0.24236391484737396, 0.02784007601439953, 0.11642181128263474, -0.2856013774871826, 0.13193285465240479, -0.3609720468521118, -0.17923951148986816, 0.16879595816135406, 0.2418920397758484, -0.3947812020778656, -0.09404782950878143, -0.5162513256072998, 0.37939298152923584, -0.5193028450012207, 0.14296096563339233], [0.20249934494495392, 0.11067154258489609, 0.06699571013450623, -0.4102255702018738, -0.04992544278502464, -0.17274382710456848, 0.19319193065166473, 0.28539741039276123, 0.09496639668941498, -0.366568386554718, 0.07078155130147934, 0.28420084714889526, -0.3522454798221588, 0.08988603949546814, -0.25568926334381104, -0.05879595875740051, -0.351493775844574, 0.22251679003238678], [-0.011636464856564999, -0.2339412420988083, -0.03126680105924606, -0.26644209027290344, -0.14710916578769684, 0.5342747569084167, 0.3995108902454376, 0.12338568270206451, -0.3178163170814514, 0.473512202501297, 0.33980655670166016, 0.10149538516998291, 0.030344605445861816, 0.09240651875734329, -0.15939801931381226, 0.1661548614501953, -0.041398581117391586, 0.44831758737564087], [0.21977411210536957, 0.2428254783153534, -0.42473623156547546, 0.2818893790245056, 0.45400404930114746, -0.22216615080833435, 0.38128191232681274, 0.4091621935367584, 0.2111509144306183, -0.4362483024597168, -0.1082729771733284, 0.3543521761894226, 0.439975768327713, -0.2361414134502411, -0.25915637612342834, 0.2910734713077545, 0.10964126139879227, -0.1948968470096588], [0.16008414328098297, -0.0031435717828571796, -0.1985449343919754, 0.4307430684566498, 0.005334942135959864, -0.37709560990333557, 0.4986344575881958, 0.12766458094120026, -0.0700083076953888, 0.4298593997955322, -0.23430268466472626, -0.19055424630641937, -0.08570936322212219, -0.0034370555076748133, -0.38745754957199097, 0.2391452193260193, 0.11666371673345566, 0.4368797540664673], [0.019058188423514366, 0.3591069281101227, 0.4566689729690552, -0.3006715476512909, -0.1718207597732544, 0.23212726414203644, -0.052715979516506195, 0.3685835003852844, 0.41320550441741943, -0.33526214957237244, 0.30627739429473877, -0.35772794485092163, -0.19867007434368134, -0.26065680384635925, -0.12894926965236664, -0.16212035715579987, 0.23234055936336517, -0.18297725915908813], [0.4320104718208313, 0.05833255872130394, 0.3994336724281311, 0.41943907737731934, 0.3333294987678528, 0.39109382033348083, 0.19076161086559296, -0.4303610026836395, -0.08312363922595978, 0.47030389308929443, -0.019161667674779892, -0.455848753452301, -0.12360095977783203, 0.40309828519821167, 0.16098256409168243, -0.39760708808898926, 0.49705183506011963, 0.34463056921958923], [-0.27834925055503845, 0.1590198278427124, -0.11931448429822922, 0.14236149191856384, -0.21366752684116364, 0.7195327877998352, -0.17495381832122803, 0.11974341422319412, 0.383005827665329, 0.43496665358543396, -0.26252228021621704, 0.1349984109401703, -0.4253385663032532, -0.14747588336467743, -0.24491234123706818, -0.09064414352178574, 0.21143674850463867, -0.13462840020656586]], [0.010426723398268223, -0.2081407904624939, 0.13756179809570312, -0.2571776211261749, -0.009908794425427914, 0.393241822719574, 0.035523660480976105, 0.027148563414812088, 0.11446012556552887, 0.005171312019228935, -0.08395249396562576, 0.03476297855377197, -0.29490897059440613, -0.03768794611096382, -0.08535642176866531, -0.1865263283252716, 0.09034961462020874, -0.0012487162603065372], [[-0.03022697940468788, -0.010650163516402245, 0.005406382028013468, -0.23393656313419342, 0.2635943293571472, 0.28430113196372986, 0.3473988175392151, -0.2182616889476776, -0.013686572201550007, 0.19824273884296417, -0.2925717532634735, -0.07854725420475006, -0.3519616425037384, 0.1027199849486351, -0.1118197962641716, -0.23370733857154846, 0.02443789876997471, 0.0836263969540596], [-0.14902883768081665, 0.15250949561595917, -0.07663338631391525, 0.24087147414684296, -0.18747597932815552, 